id,email,password,first_name,last_name
1,mbaff0@ihg.com,rSPwm1zB,Mahmoud,Baff
2,jleete1@businesswire.com,Renup1rS,Jordan,Leete
3,gcampbelldunlop2@1688.com,kRpN5LL90B,Gale,Campbell-Dunlop
4,icoldrick3@t-online.de,hJczZJmO,Idaline,Coldrick
5,uissakov4@people.com.cn,CbthrRXaD,Umberto,Issakov
6,aarndtsen5@pcworld.com,gt3z4dCI0zft,Anitra,Arndtsen
7,epurseglove6@washingtonpost.com,Dh1LJyu,Emmerich,Purseglove
8,lcolliar7@weebly.com,qjSkoRyB7SG,Leesa,Colliar
9,sgreatrakes8@behance.net,4XZW4P,Stephi,Greatrakes
10,vdanilowicz9@sun.com,tVYGa9d,Veradis,Danilowicz
11,bsimpkinsa@cocolog-nifty.com,asEqU1JR3,Bianca,Simpkins
12,scroydonb@epa.gov,DxohEfqeYZ3,Sheilakathryn,Croydon
13,ajamsonc@amazon.co.uk,qSfbAta5D3cu,Adolpho,Jamson
14,jkinselld@bbc.co.uk,BX3Mit1eRn,Jermaine,Kinsell
15,lhurne@reuters.com,AvQpDvDr,Lutero,Hurn
16,jthwaitef@youtu.be,mu2NcU,Justina,Thwaite
17,tgerrietg@time.com,NSDElSnQgHly,Trixi,Gerriet
18,cdeamayah@vistaprint.com,2X1xOejzIk,Caspar,de Amaya
19,rbalcombei@yale.edu,QJCEK1ERh,Rog,Balcombe
20,wkamingj@cam.ac.uk,dQs4ll0z,Wain,Kaming